full_name,profile_url,location,detected_status,background_industry,commitment_hours,score,language,draft_outreach_message,source,public_email,career_goal,disqualification_reason
Arta Berisha,https://linkedin.com/in/mock-arta-berisha,"Pristina, Kosovo",unemployed,Retail cashier,12,98,Albanian,"Përshëndetje Arta,

E pashë që po kërkon rrugë të re drejt një karriere dixhitale pa përvojë të mëparshme. Programi ynë të çon drejt rolit AI Marketing Assistant.

Pa kodim - kurrikula është në gjuhë të thjeshtë, me mjete praktike dhe udhëzime hap pas hapi për fillestarë. Opsione financimi: 1500$ kësti i plotë ose 15 këste nga 100$ (1500$ në total).

Nëse dëshiron, unë mund të t'i tregoj më shumë detaje dhe si t'i bësh hapat e parë. Përshëndetje, Ekipi i Trajnimit",mock,arta.berisha.mock@gmail.com,Switch to entry-level digital/tech without prior background,
Dardan Gashi,https://www.reddit.com/user/mock-dardan-gashi,Remote (EU),unemployed,Construction worker,15,95,English,"Hi Dardan,

I noticed you are exploring a fresh path into a digital career with no prior background. Our training program is built for exactly that transition and points toward the AI Marketing Assistant role.

There is zero coding involved - the curriculum runs on plain-English prompts, everyday practical tools, and step-by-step beginner guidance. Tuition options are an upfront 1500$ or 15 installments of 100$ (1500$ total).

Happy to share more detail on the program and your first steps. Thanks!",mock,dardan.gashi.mock@yahoo.com,"Looking for new path into AI marketing, willing to pay for training",
Linda Rexhepi,https://www.reddit.com/user/mock-linda-rexhepi,"Remote, Worldwide",unemployed,Previous junior digital marketer (3y),10,85,English,"Hi Linda,

I noticed you are exploring a fresh path into a digital career with no prior background. Our training program is built for exactly that transition and points toward the Junior Growth Marketer role.

There is zero coding involved - the curriculum runs on plain-English prompts, everyday practical tools, and step-by-step beginner guidance. Tuition options are an upfront 1500$ or 15 installments of 100$ (1500$ total).

Happy to share more detail on the program and your first steps. Thanks!",mock,linda.rexhepi.mock@gmail.com,Get back into digital marketing at a senior title,
